,City,Lat,lng,Max Temp,Humidity,Cloudiness,Wind Speed,Country,Date
0,Barrow,71.2906,-156.7887,255.15,71,90,4.63,US,1612631204
1,Great Falls,47.5002,-111.3008,255.37,78,90,5.14,US,1612631124
2,Narsaq,60.9167,-46.05,274.15,25,1,10.8,GL,1612631063
3,Atuona,-9.8,-139.0333,299.91,77,57,10.02,PF,1612631209
4,Castro,-24.7911,-50.0119,297.74,50,0,3.33,BR,1612631210
5,Alice Springs,-23.7,133.8833,297.04,35,42,3.09,AU,1612631212
6,East London,-33.0153,27.9116,298.15,88,75,3.09,ZA,1612631213
7,Mar del Plata,-38.0023,-57.5575,295.93,64,75,7.2,AR,1612631215
8,Dikson,73.5069,80.5464,239.14,86,43,4.36,RU,1612631216
9,Hobart,-42.8794,147.3294,287.59,82,12,3.09,AU,1612631218
10,Rikitea,-23.1203,-134.9692,298.41,75,100,5.88,PF,1612631220
11,Yellowknife,62.456,-114.3525,230.93,65,1,1.94,CA,1612631221
12,Cape Town,-33.9258,18.4232,296.15,68,20,8.75,ZA,1612631090
13,Aktas,49.7789,72.9608,271.15,80,100,16.0,KZ,1612631225
14,Coyhaique,-45.5752,-72.0662,294.15,43,0,4.63,CL,1612631226
15,Punta Arenas,-53.15,-70.9167,286.15,47,20,3.09,CL,1612631024
16,Jamestown,42.097,-79.2353,266.48,53,1,7.72,US,1612631230
17,New Norfolk,-42.7826,147.0587,287.59,75,12,0.45,AU,1612631231
18,Thompson,55.7435,-97.8558,236.15,67,75,4.12,CA,1612631233
19,Nikolskoye,59.7035,30.7861,261.48,79,75,6.0,RU,1612631234
20,Lodwar,3.1191,35.5973,305.3,30,25,2.99,KE,1612631236
21,Fairbanks,64.8378,-147.7164,250.15,77,90,0.45,US,1612631237
22,Kushiro,42.975,144.3747,270.12,98,95,3.9,JP,1612631087
23,Ushuaia,-54.8,-68.3,285.15,50,20,9.77,AR,1612631241
24,Kon Tum,14.35,108.0,289.29,92,19,1.09,VN,1612631242
25,Tiksi,71.6872,128.8694,241.13,85,100,2.98,RU,1612631244
26,Hong Kong,22.2855,114.1577,292.59,68,0,1.78,HK,1612630981
27,La Unión,-5.4,-80.75,303.44,43,92,3.08,PE,1612631247
28,Hamilton,39.1834,-84.5333,272.15,40,1,1.86,US,1612630905
29,Basco,20.4487,121.9702,296.47,87,96,8.95,PH,1612631068
30,Lebu,-37.6167,-73.65,290.26,77,87,2.75,CL,1612631252
31,Puerto Ayora,-0.7393,-90.3518,300.15,78,75,5.14,EC,1612631254
32,Poum,-20.2333,164.0167,299.73,67,13,1.27,NC,1612631255
33,Busselton,-33.65,115.3333,288.15,95,100,0.89,AU,1612630989
34,Mehamn,71.0357,27.8492,269.66,94,100,8.81,NO,1612630989
35,Vaini,-21.2,-175.2,296.15,94,75,4.63,TO,1612631260
36,Ribeira Grande,38.5167,-28.7,289.15,88,75,10.8,PT,1612631043
37,Guayaramerín,-10.8368,-65.3614,298.15,94,75,2.06,BO,1612631263
38,Najrān,17.4924,44.1277,298.15,29,40,4.12,SA,1612631265
39,Qaqortoq,60.7167,-46.0333,274.15,25,1,10.8,GL,1612630992
40,Sur,22.5667,59.5289,291.37,60,0,3.14,OM,1612631268
41,Kapaa,22.0752,-159.319,288.71,82,1,4.12,US,1612631269
42,Chui,-33.6971,-53.4616,300.74,48,0,4.52,UY,1612631271
43,Vondrozo,-22.8167,47.2833,295.58,100,100,1.64,MG,1612631273
44,Ponta do Sol,32.6667,-17.1,288.71,60,47,0.89,PT,1612631274
45,Kavieng,-2.5744,150.7967,300.83,71,96,1.12,PG,1612631036
46,Ancud,-41.8697,-73.8203,298.15,44,0,3.6,CL,1612631035
47,Laguna,38.421,-121.4238,281.48,87,1,1.03,US,1612631279
48,Kaitangata,-46.2817,169.8464,283.17,93,3,1.31,NZ,1612631281
49,Oranjemund,-28.55,16.4333,292.79,81,0,8.49,NA,1612631282
50,Omsukchan,62.5333,155.8,247.43,87,86,0.41,RU,1612631284
51,Hermanus,-34.4187,19.2345,294.82,87,20,0.89,ZA,1612631285
52,Lüderitz,-26.6481,15.1594,297.65,47,0,13.22,NA,1612631287
53,Muncar,-8.4333,114.3333,297.97,87,100,1.44,ID,1612631289
54,Kaeo,-35.1,173.7833,288.71,91,93,1.34,NZ,1612631290
55,Huron,41.1501,-82.5499,263.15,65,16,2.68,US,1612631292
56,Puri,19.8,85.85,295.15,68,20,4.03,IN,1612631294
57,Laas,46.6166,10.7002,278.71,93,20,4.63,IT,1612631057
58,Valentín Gómez Farías,28.2167,-106.5833,288.15,25,0,0.89,MX,1612631297
59,Cap-aux-Meules,47.3821,-61.8597,276.15,100,100,9.26,CA,1612631281
60,Zunyi,27.6867,106.9072,283.43,85,98,1.76,CN,1612631300
61,Koutiala,12.3917,-5.4642,311.25,9,77,0.81,ML,1612631018
62,Mahendranagar,28.9167,80.3333,286.26,49,0,1.75,NP,1612631303
63,Mataura,-46.1927,168.8643,282.51,95,2,0.25,NZ,1612631305
64,Aktobe,50.2797,57.2072,262.15,73,75,12.0,KZ,1612631035
65,Ilhabela,-23.7781,-45.3581,297.93,64,89,1.51,BR,1612631289
66,Kruisfontein,-34.0033,24.7314,295.37,80,0,0.89,ZA,1612631309
67,Iskateley,67.6803,53.1512,241.29,85,54,5.54,RU,1612631086
68,Kidal,18.4411,1.4078,303.7,12,65,5.46,ML,1612631313
69,Sobolevo,54.4299,31.8996,255.93,93,99,4.25,RU,1612631314
70,Opuwo,-18.0607,13.84,302.09,37,100,2.42,NA,1612631316
71,Greenfield,42.9614,-88.0126,259.82,56,1,6.17,US,1612631317
72,Awjilah,29.1081,21.2869,292.06,30,49,2.98,LY,1612631319
73,Ilulissat,69.2167,-51.1,266.15,38,40,9.77,GL,1612631321
74,Torbay,47.6666,-52.7314,276.48,80,90,2.57,CA,1612631322
75,Bluff,-46.6,168.3333,285.33,85,19,1.48,NZ,1612631324
76,Maksatikha,57.797,35.8825,254.45,91,100,3.63,RU,1612631326
77,Ostrovnoy,68.0531,39.5131,262.93,94,100,5.54,RU,1612631327
78,São Filipe,14.8961,-24.4956,294.97,70,8,7.24,CV,1612631329
79,Port Augusta,-32.5,137.7667,291.15,88,90,6.17,AU,1612631330
80,Anadyr,64.75,177.4833,251.48,77,0,4.0,RU,1612631332
81,Port Alfred,-33.5906,26.891,297.04,90,18,1.79,ZA,1612631334
82,Klaksvík,62.2266,-6.589,275.15,64,40,9.26,FO,1612631335
83,Bethel,41.3712,-73.414,277.59,38,40,8.23,US,1612631337
84,Bambous Virieux,-20.3428,57.7575,299.82,83,20,2.57,MU,1612631338
85,Qaanaaq,77.484,-69.3632,261.52,88,100,3.38,GL,1612631340
86,Tuktoyaktuk,69.4541,-133.0374,246.15,76,90,7.2,CA,1612631342
87,Zhigansk,66.7697,123.3711,232.34,80,45,4.67,RU,1612631343
88,Sistranda,63.7256,8.834,268.15,80,75,6.17,NO,1612631345
89,São José da Coroa Grande,-8.8978,-35.1478,302.71,61,46,6.06,BR,1612631346
90,Les Trois-Bassins,-21.1,55.3,299.82,62,38,0.68,RE,1612631243
91,Safi,32.2994,-9.2372,287.75,69,69,6.67,MA,1612631350
92,Gold Coast,-28.0,153.4333,296.48,94,100,0.51,AU,1612631351
93,Riyadh,24.6877,46.7219,291.15,55,20,4.12,SA,1612631293
94,Warud,21.4667,78.2667,292.68,26,0,5.64,IN,1612631354
95,Zaysan,47.4667,84.8667,265.81,91,56,1.15,KZ,1612631356
96,Constantine,36.365,6.6147,295.15,17,2,9.26,DZ,1612631358
97,Joshīmath,30.5667,79.5667,276.26,50,0,5.89,IN,1612631359
98,Homer,59.6425,-151.5483,274.15,75,1,2.57,US,1612631361
99,Seddon,-37.8068,144.8916,290.37,82,40,5.66,AU,1612631362
100,Lagoa,39.05,-27.9833,288.49,90,100,9.36,PT,1612631364
101,Hofn,64.2539,-15.2082,275.06,84,100,8.12,IS,1612631366
102,Vardø,70.3705,31.1107,270.45,94,98,12.53,NO,1612631367
103,Cantaura,9.3057,-64.3584,305.16,40,100,4.12,VE,1612631369
104,Avarua,-21.2078,-159.775,297.15,94,20,1.03,CK,1612631370
105,Arraial do Cabo,-22.9661,-42.0278,298.15,73,75,2.06,BR,1612631372
106,Chokurdakh,70.6333,147.9167,245.01,87,97,2.17,RU,1612631374
107,Westport,41.1415,-73.3579,279.15,52,1,7.2,US,1612631375
108,Upernavik,72.7868,-56.1549,266.81,81,100,2.91,GL,1612631377
109,Bengkulu,-3.8004,102.2655,297.86,82,82,2.45,ID,1612631378
110,Lázaro Cárdenas,17.9583,-102.2,301.03,57,27,1.58,MX,1612631380
111,Faanui,-16.4833,-151.75,300.64,69,0,4.49,PF,1612631381
112,Mount Isa,-20.7333,139.5,296.15,100,40,3.09,AU,1612631383
113,Dingle,10.9995,122.6711,297.03,91,71,3.69,PH,1612631385
114,Bredasdorp,-34.5322,20.0403,297.15,60,12,7.72,ZA,1612631382
115,Provideniya,64.3833,-173.3,256.53,92,71,1.83,RU,1612631388
116,Hilo,19.7297,-155.09,289.15,72,1,3.09,US,1612631389
117,Taoudenni,22.6783,-3.9836,298.67,20,44,7.86,ML,1612631391
118,Padang,-0.9492,100.3543,297.15,88,20,1.03,ID,1612631393
119,Manbij,36.5281,37.9549,282.15,76,0,3.39,SY,1612631394
120,Ahipara,-35.1667,173.1667,287.87,87,84,1.81,NZ,1612631380
121,Catalão,-18.1658,-47.9464,299.62,77,64,3.68,BR,1612631397
122,Nālūt,30.3333,10.85,296.48,18,100,5.03,LY,1612631399
123,Khatanga,71.9667,102.5,234.96,77,0,2.62,RU,1612631401
124,Albany,42.6001,-73.9662,274.82,59,75,5.66,US,1612631403
125,Goulburn,-34.75,149.7167,286.48,90,0,3.33,AU,1612631405
126,Morondava,-20.2833,44.2833,301.9,75,95,2.45,MG,1612631231
127,Tailai,46.3833,123.4,255.71,87,0,3.11,CN,1612631408
128,Caravelas,-17.7125,-39.2481,301.55,79,93,4.82,BR,1612631410
129,Port Hardy,50.6996,-127.4199,280.15,93,90,5.14,CA,1612631412
130,Bara,10.3744,10.7288,305.15,14,78,5.14,NG,1612631413
131,San Patricio,28.017,-97.5169,291.15,82,90,3.6,US,1612631415
132,Constitución,-35.3333,-72.4167,291.53,71,84,1.87,CL,1612631416
133,Chumphon,10.3333,98.8333,293.8,100,29,1.29,TH,1612631418
134,Gobabis,-22.45,18.9667,301.45,36,60,6.0,NA,1612631420
135,Orlik,52.5178,99.825,252.15,81,42,1.25,RU,1612631421
136,Longyearbyen,78.2186,15.6401,268.15,74,75,2.57,SJ,1612631423
137,Saint-Philippe,-21.3585,55.7679,301.15,74,90,2.06,RE,1612631383
138,Cabo San Lucas,22.8909,-109.9124,295.93,60,1,3.6,MX,1612631393
139,Havøysund,70.9963,24.6622,269.15,74,40,6.69,NO,1612631391
140,Menongue,-14.6585,17.691,296.64,75,100,1.43,AO,1612631429
141,Hithadhoo,-0.6,73.0833,300.94,76,100,6.75,MV,1612631431
142,Palana,59.1167,159.9667,261.51,93,100,5.9,RU,1612631432
143,Wattegama,6.7989,81.4808,295.84,95,95,2.26,LK,1612631434
144,Port Elizabeth,-33.918,25.5701,295.15,88,75,4.12,ZA,1612631436
145,Sungai Penuh,-2.0833,101.3833,291.43,87,93,1.49,ID,1612631437
146,Boké,10.9409,-14.2967,311.23,10,40,4.4,GN,1612631439
147,Lukovetskiy,64.2956,41.9211,259.15,78,40,3.0,RU,1612631441
148,Saint Paul Harbor,57.79,-152.4072,271.15,59,1,2.06,US,1612631387
149,Niamey,13.5137,2.1098,307.15,7,96,4.12,NE,1612631444
150,Ust-Kuyga,70.0167,135.6,240.23,83,100,1.36,RU,1612631446
151,Araouane,18.9048,-3.5265,302.9,14,100,6.49,ML,1612631447
152,Atambua,-9.1061,124.8925,296.3,88,100,0.19,ID,1612631449
153,Souillac,-20.5167,57.5167,299.15,83,20,2.57,MU,1612631450
154,Piracanjuba,-17.3028,-49.0167,299.98,81,53,2.99,BR,1612631452
155,Cidreira,-30.1811,-50.2056,297.56,62,56,4.65,BR,1612631391
156,Vao,-22.6667,167.4833,298.26,87,1,3.61,NC,1612631401
157,Doha,25.2867,51.5333,294.26,78,0,3.09,QA,1612631263
158,Saint Anthony,45.0205,-93.218,255.15,60,90,8.23,US,1612631458
159,Acajutla,13.5928,-89.8275,301.15,54,20,1.03,SV,1612631460
160,Nanortalik,60.1432,-45.2371,268.91,79,0,2.15,GL,1612631462
161,Celestún,20.8667,-90.4,299.58,65,30,3.57,MX,1612631441
162,Mahébourg,-20.4081,57.7,299.15,83,20,2.57,MU,1612631465
163,San Cristobal,7.7669,-72.225,295.71,77,100,2.28,VE,1612631466
164,Yulara,-25.2406,130.9889,297.15,35,18,3.09,AU,1612631468
165,Vysokogornyy,50.1167,139.15,246.5,87,92,1.31,RU,1612631470
166,Geraldton,-28.7667,114.6,295.15,88,90,10.29,AU,1612631471
167,Kisanga,-7.4362,37.7034,299.43,74,57,2.01,TZ,1612631473
168,Saldanha,-33.0117,17.9442,296.15,68,20,8.23,ZA,1612631474
169,San Andrés,12.5847,-81.7006,303.15,74,20,5.66,CO,1612631476
170,Tura,25.5198,90.2201,287.44,70,35,1.65,IN,1612631452
171,Aykhal,66.0,111.5,236.57,81,2,2.48,RU,1612631479
172,Deniliquin,-35.5333,144.9667,289.26,69,16,4.57,AU,1612631481
173,Namatanai,-3.6667,152.4333,299.29,80,79,1.22,PG,1612631482
174,Fortuna,40.5982,-124.1573,281.48,100,90,1.39,US,1612631484
175,Kazachka,53.3644,38.0694,254.42,92,91,4.6,RU,1612631486
176,Ushtobe,45.2514,77.9838,275.13,77,89,2.89,KZ,1612631487
177,Haldībāri,26.3333,88.7667,288.98,64,20,3.28,IN,1612631489
178,Kiunga,-6.1219,141.2906,296.67,98,100,0.85,PG,1612631491
179,Bonthe,7.5264,-12.505,301.86,61,62,5.83,SL,1612631492
180,Ambon City,-3.6954,128.1814,299.15,89,40,2.57,ID,1612631494
181,Gamboma,-1.8764,15.8644,302.45,57,70,1.92,CG,1612631495
182,Saint George,37.1041,-113.5841,282.59,49,1,1.54,US,1612631396
183,Ampanihy,-24.7,44.75,298.97,79,31,3.59,MG,1612631499
184,Saint-Augustin,51.226,-58.6502,273.39,97,100,7.74,CA,1612631500
185,Bahía Honda,22.9036,-83.1592,301.5,67,5,5.8,CU,1612631502
186,Vila Velha,-20.3297,-40.2925,304.15,62,20,5.66,BR,1612631503
187,Māngrol,21.1167,70.1167,294.52,48,0,2.81,IN,1612631505
188,Tasiilaq,65.6145,-37.6368,273.15,100,75,19.03,GL,1612631381
189,Hasaki,35.7333,140.8333,278.15,81,20,3.6,JP,1612631508
190,Jizan,17.3333,42.6667,299.15,61,20,2.57,SA,1612631505
191,Iqaluit,63.7506,-68.5145,268.15,86,90,7.2,CA,1612631511
192,Tommot,58.9564,126.2925,244.36,83,100,0.45,RU,1612631513
193,Cayenne,4.9333,-52.3333,300.15,89,90,4.12,GF,1612631379
194,Berlevåg,70.8578,29.0864,270.12,93,100,10.48,NO,1612631516
195,Ixtapa,20.7,-105.2,298.71,60,1,2.57,MX,1612631518
196,Samaná,19.2056,-69.3369,302.15,74,20,6.17,DO,1612631519
197,Lata,40.1629,-8.3327,287.59,81,86,4.02,PT,1612631521
198,Guerrero Negro,27.9769,-114.0611,290.44,64,0,2.91,MX,1612631523
199,Severo-Kuril'sk,50.6789,156.125,266.55,94,100,7.17,RU,1612631524
200,Quang Ngai,15.1167,108.8,293.24,90,41,0.95,VN,1612631526
201,George Town,5.4112,100.3354,302.15,74,20,2.57,MY,1612631421
202,Te Anau,-45.4167,167.7167,284.38,85,26,0.45,NZ,1612631529
203,Saint-Joseph,-21.3667,55.6167,300.15,78,90,1.03,RE,1612631531
204,Egvekinot,66.3167,-179.1667,250.88,81,99,3.54,RU,1612631532
205,Ouésso,1.6136,16.0517,302.06,49,92,0.57,CG,1612631534
206,Gao,16.6362,1.637,305.1,11,44,3.71,ML,1612631535
207,Lorengau,-2.0226,147.2712,300.68,79,49,2.48,PG,1612631394
208,Buin,-33.7333,-70.75,293.15,68,0,2.57,CL,1612631513
209,Vanavara,60.34,102.2797,255.14,93,100,2.04,RU,1612631540
210,Esperance,-33.8667,121.9,288.15,88,75,5.66,AU,1612631467
211,Half Moon Bay,37.4636,-122.4286,285.37,100,1,1.54,US,1612631543
212,Mocorito,25.4833,-107.9167,298.83,27,0,0.93,MX,1612631545
213,Sabana de Torres,7.3915,-73.4957,299.15,69,75,2.57,CO,1612631547
214,Portland,45.5234,-122.6762,279.82,88,45,1.34,US,1612631431
215,Plouzané,48.3833,-4.6167,281.15,76,90,3.09,FR,1612631550
216,Mapiripán,2.8892,-72.1256,301.72,75,91,3.04,CO,1612631551
217,Bantou,26.2151,117.4893,288.54,79,80,0.75,CN,1612631553
218,Buchanan,5.8808,-10.0467,300.15,78,75,1.54,LR,1612631394
219,Ormara,25.2088,64.6357,293.6,45,0,1.28,PK,1612631556
220,Zletovo,41.9886,22.2361,282.15,81,0,1.54,MK,1612631558
221,Carnarvon,-24.8667,113.6333,300.15,100,75,4.63,AU,1612631381
222,Ossora,59.2353,163.0719,264.67,93,100,10.03,RU,1612631534
223,Lachi,33.3833,71.3386,286.15,67,0,0.93,PK,1612631562
224,Roald,62.5833,6.1333,267.04,68,0,0.51,NO,1612631564
225,Porbandar,21.6422,69.6093,293.83,32,0,6.06,IN,1612631566
226,Klyuchi,52.2667,79.1667,270.12,95,31,7.24,RU,1612631567
227,Rind,39.7597,45.18,276.15,81,20,4.12,AM,1612631569
228,Fort Nelson,58.8053,-122.7002,235.15,67,20,1.03,CA,1612631435
229,Grand-Santi,4.25,-54.3833,300.17,90,86,2.14,GF,1612631572
230,Mildura,-34.2,142.15,292.15,63,90,5.66,AU,1612631574
231,Saskylakh,71.9167,114.0833,235.33,81,76,2.25,RU,1612631575
232,Osypenko,46.9136,36.8253,269.82,53,100,2.68,UA,1612631577
233,Ust-Nera,64.5667,143.2,242.66,76,89,2.29,RU,1612631578
234,Purpe,64.4803,76.6897,256.87,94,100,6.9,RU,1612631580
235,Flinders,-34.5833,150.8552,291.48,87,0,0.45,AU,1612631582
236,Chaman,30.9236,66.4512,283.76,40,20,0.52,PK,1612631583
237,Buraidah,26.326,43.975,285.15,100,75,2.57,SA,1612631585
238,Guadalupe y Calvo,26.1,-106.9667,288.07,29,0,2.02,MX,1612631586
239,Sabang,5.8933,95.3214,300.8,80,11,5.5,ID,1612631588
240,Darovskoy,58.77,47.9564,252.14,90,100,4.48,RU,1612631590
241,Derzhavīnsk,51.1,66.3167,274.47,97,100,9.84,KZ,1612631591
242,Guider,9.9342,13.9486,306.15,15,0,3.09,CM,1612631593
243,Buritis,-15.6178,-46.4233,300.32,77,99,3.74,BR,1612631594
244,Imbituba,-28.24,-48.6703,301.15,44,0,6.17,BR,1612631596
245,Shingū,33.7333,135.9833,280.37,78,0,2.89,JP,1612631598
246,Den Helder,52.9599,4.7593,274.26,80,90,12.35,NL,1612631599
247,Saint-Leu,-21.15,55.2833,299.82,62,27,1.14,RE,1612631601
248,Itarema,-2.9248,-39.9167,304.14,55,61,7.02,BR,1612631418
249,Cedar Rapids,42.0083,-91.6441,258.15,72,90,5.66,US,1612630959
250,Nyzhnya Duvanka,49.5846,38.1743,267.74,85,100,6.19,UA,1612631606
251,Marawi,7.9986,124.2928,297.04,91,99,2.24,PH,1612631524
252,Svirsk,53.0858,103.3325,257.8,92,100,2.16,RU,1612631609
253,Utete,-7.986,38.758,297.94,88,42,2.08,TZ,1612631610
254,Bilibino,68.0546,166.4372,250.32,83,0,1.25,RU,1612631447
255,Mulegé,26.8833,-111.9833,294.09,24,1,1.52,MX,1612631614
256,Russell,32.3502,-85.1999,284.15,46,90,5.14,US,1612631615
257,Sept-Îles,50.2001,-66.3821,272.59,93,100,1.54,CA,1612631617
258,El Vendrell,41.2167,1.5333,287.04,100,14,0.89,ES,1612631618
259,Uribia,11.7139,-72.266,304.23,47,30,12.21,CO,1612631620
260,College,64.8569,-147.8028,250.15,70,90,0.45,US,1612631622
261,Ambilobe,-13.2,49.05,297.39,90,99,0.4,MG,1612631623
262,Salalah,17.0151,54.0924,297.15,69,40,4.12,OM,1612631418
263,Wewak,-3.5534,143.6268,299.02,83,99,2.06,PG,1612631359
264,Cherskiy,68.75,161.3,249.87,81,0,3.17,RU,1612631381
265,Gornozavodsk,58.3758,58.3211,260.04,95,100,3.93,RU,1612631630
266,Marsaxlokk,35.8419,14.5431,290.15,67,0,3.09,MT,1612631631
267,Mana,5.6592,-53.7767,300.14,81,78,6.67,GF,1612631633
268,Dalbandin,28.8947,64.4101,287.59,26,0,2.54,PK,1612631463
269,Merauke,-8.4667,140.3333,299.88,84,100,6.8,ID,1612631636
270,Mareeba,-17.0,145.4333,299.15,89,94,1.03,AU,1612631537
271,Esmeraldas,-19.7625,-44.3139,297.15,78,75,6.17,BR,1612631622
272,Noyabrsk,63.1994,75.4507,264.94,97,100,3.55,RU,1612631641
273,Lompoc,34.6391,-120.4579,286.15,76,1,2.57,US,1612631642
274,Pisco,-13.7,-76.2167,297.04,83,75,4.12,PE,1612631389
275,Caniço,32.6333,-16.85,289.15,63,40,4.12,PT,1612631645
276,Naze,28.3667,129.4833,289.52,82,98,3.2,JP,1612631647
277,Adré,13.4667,22.2,294.61,19,0,5.36,TD,1612631649
278,Calvinia,-31.4707,19.776,299.42,31,0,8.75,ZA,1612631650
279,Gillette,44.2911,-105.5022,257.15,78,90,3.6,US,1612631458
280,Babanka,48.7097,30.4483,266.48,93,92,1.51,UA,1612631654
281,Champotón,19.35,-90.7167,304.15,55,1,4.12,MX,1612631655
282,Port Macquarie,-31.4333,152.9167,294.26,99,74,2.48,AU,1612631657
283,Chimbarongo,-34.7,-71.05,291.15,82,90,2.57,CL,1612631658
284,High Level,58.5169,-117.136,233.15,74,20,0.97,CA,1612631660
285,Petropavlovsk-Kamchatskiy,53.0452,158.6483,268.15,63,100,10.0,RU,1612631539
286,Madison Heights,42.4859,-83.1052,266.48,63,75,5.66,US,1612631663
287,Stawell,-37.05,142.7667,287.77,80,55,2.9,AU,1612631665
288,Kununurra,-15.7667,128.7333,300.15,94,75,2.57,AU,1612631510
289,Udachny,66.4167,112.4,235.32,79,0,1.88,RU,1612631460
290,Tevaitoa,-16.7833,-151.5,300.61,69,3,4.73,PF,1612631670
291,Isla Mujeres,21.2311,-86.731,302.15,70,40,5.14,MX,1612631671
292,Vanimo,-2.6741,141.3028,298.19,85,99,1.92,PG,1612631545
293,Rio Grande,-32.035,-52.0986,299.82,61,20,2.57,BR,1612631675
294,Evensk,61.95,159.2333,259.47,89,100,6.84,RU,1612631397
295,Rodrigues Alves,-7.738,-72.6509,302.15,79,75,3.09,BR,1612631678
296,Vila Franca do Campo,37.7167,-25.4333,288.15,88,40,7.72,PT,1612631537
297,Katete,-0.7818,29.7544,294.52,54,72,0.84,UG,1612631681
298,Katsuura,35.1333,140.3,282.15,61,0,3.09,JP,1612631683
299,Kuznechnoye,61.12,29.8686,261.48,94,28,2.95,RU,1612631684
300,Ibotirama,-12.1853,-43.2206,302.53,59,99,2.95,BR,1612631686
301,Kampene,-3.6,26.6667,295.5,91,84,1.23,CD,1612631687
302,Panan,15.2134,120.0272,298.15,88,40,3.09,PH,1612631689
303,St. George's,12.0564,-61.7485,303.15,51,20,10.8,GD,1612631691
304,Owando,-0.4819,15.8999,301.94,58,35,0.52,CG,1612631692
305,Grafton,42.207,-71.6856,277.04,44,20,10.8,US,1612631694
306,Adrar,20.5022,-10.0711,294.58,23,43,6.69,MR,1612631695
307,Khor,47.8861,134.9464,249.0,90,99,0.74,RU,1612631697
308,Codrington,-38.2667,141.9667,287.76,79,91,6.72,AU,1612631406
309,Oneonta,42.4529,-75.0638,269.82,58,75,2.68,US,1612631482
310,Port-Gentil,-0.7193,8.7815,302.15,79,40,4.63,GA,1612631694
311,Marrakesh,31.6315,-8.0083,284.15,82,75,5.66,MA,1612631581
312,Mozarlândia,-14.7447,-50.5706,302.45,73,100,2.54,BR,1612631469
313,Aswān,24.0934,32.907,293.17,26,0,4.64,EG,1612631710
314,Limbang,4.75,115.0,300.15,89,75,1.03,MY,1612631711
315,Kotido,2.9806,34.1331,301.71,23,55,5.66,UG,1612631713
316,Butaritari,3.0707,172.7902,300.3,81,93,9.81,KI,1612631417
317,Dalvik,65.9702,-18.5286,273.15,64,75,2.06,IS,1612631716
318,Port Hope,43.9408,-82.7127,264.26,57,89,7.2,US,1612631718
319,Zapolyarnyy,69.4154,30.8136,269.15,80,90,9.26,RU,1612631719
320,Sitka,57.0531,-135.33,275.15,87,75,5.66,US,1612631721
321,Baghdad,33.3406,44.4009,287.15,94,90,4.63,IQ,1612631723
322,Zyryanka,65.75,150.85,242.98,82,13,3.8,RU,1612631723
323,Burē,10.7,37.0667,289.43,32,21,3.55,ET,1612631726
324,Krasnosel'kup,65.7,82.4667,256.01,93,100,6.1,RU,1612631546
325,Tautira,-17.7333,-149.15,296.15,94,75,7.2,PF,1612631515
326,Nara,34.6851,135.8049,279.82,70,30,1.47,JP,1612631463
327,Okhotsk,59.3833,143.3,256.63,90,100,3.9,RU,1612631732
328,Thunder Bay,48.4001,-89.3168,254.26,59,40,8.23,CA,1612631721
329,Faya,18.3851,42.4509,286.15,82,40,2.06,SA,1612631735
330,Waipawa,-41.4122,175.5153,284.26,93,100,1.03,NZ,1612631737
331,Inhambane,-23.865,35.3833,301.15,74,20,2.57,MZ,1612631713
332,Darhan,49.4867,105.9228,254.45,86,0,2.41,MN,1612631740
333,Kerman,30.2832,57.0788,287.15,9,0,1.19,IR,1612631742
334,Olden,61.8364,6.8064,265.37,65,0,2.31,NO,1612631743
335,Hazorasp,41.3194,61.0742,281.15,76,0,4.12,UZ,1612631745
336,Tiarei,-17.5333,-149.3333,296.15,94,75,7.2,PF,1612631450
337,Xining,36.6167,101.7667,268.66,64,95,0.77,CN,1612631748
338,Dandong,40.1292,124.3947,269.74,92,65,3.89,CN,1612631750
339,Takoradze,4.8845,-1.7554,301.52,78,38,4.82,GH,1612631751
340,Santa Vitória do Palmar,-33.5189,-53.3681,300.3,50,0,4.19,BR,1612631539
341,Necochea,-38.5473,-58.7368,297.04,60,6,6.39,AR,1612631754
342,Rocha,-34.4833,-54.3333,302.43,39,0,6.22,UY,1612631756
343,Coração de Maria,-12.2333,-38.75,309.77,28,84,3.21,BR,1612631757
344,Shimoda,34.6667,138.95,283.72,59,0,6.38,JP,1612631759
345,Comodoro Rivadavia,-45.8667,-67.5,289.15,67,75,9.26,AR,1612631761
346,Ous,60.9058,61.5186,250.94,91,100,5.65,RU,1612631762
347,Bairiki Village,1.3292,172.9752,298.15,100,75,5.14,KI,1612631764
348,Port Lincoln,-34.7333,135.8667,289.05,82,78,6.07,AU,1612631704
349,La Asuncion,11.0333,-63.8628,299.48,73,73,7.61,VE,1612631767
350,Uyemskiy,64.4743,40.8524,259.15,78,40,3.0,RU,1612631769
351,Glamoč,44.0458,16.8486,278.38,92,100,4.9,BA,1612631770
352,Port Blair,11.6667,92.75,299.25,76,0,3.57,IN,1612631591
353,Hornepayne,49.2138,-84.7705,251.95,88,100,4.87,CA,1612631774
354,Mawlaik,23.6333,94.4167,290.46,49,2,0.79,MM,1612631775
355,Airai,-8.9266,125.4092,289.2,97,100,0.95,TL,1612631777
356,Lyaskelya,61.7667,31.0167,260.04,94,37,3.87,RU,1612631778
357,Champerico,14.3,-91.9167,304.15,51,20,2.06,GT,1612631509
358,Koungou,-12.7336,45.2042,300.15,89,75,6.17,YT,1612631782
359,Saiha,22.4833,92.9667,285.29,42,0,1.53,IN,1612631783
360,Uvalde,29.3669,-99.767,288.71,88,90,4.63,US,1612631785
361,Środa Wielkopolska,52.2284,17.2762,269.26,59,100,6.86,PL,1612631786
362,Turan,16.0678,108.2208,295.15,88,75,0.51,VN,1612631788
363,Yaan,7.3833,8.5667,309.55,10,0,2.78,NG,1612631790
364,Dauphin,51.1494,-100.0502,243.15,63,1,8.23,CA,1612631791
365,Tabuk,17.4189,121.4443,294.14,90,25,0.7,PH,1612631793
366,Zlobin,45.2924,14.6541,286.48,82,90,0.51,HR,1612631794
367,Mossamedes,-15.1961,12.1522,296.65,74,28,5.01,AO,1612631546
368,Samarai,-10.6167,150.6667,301.11,77,100,2.72,PG,1612631798
369,Mahon,39.8885,4.2658,288.15,88,0,4.63,ES,1612631552
370,Black River,18.0264,-77.8487,302.15,70,20,6.69,JM,1612631801
371,Kumluca,36.3703,30.2869,288.69,64,0,0.48,TR,1612631802
372,Lerwick,60.1545,-1.1494,275.15,51,90,9.26,GB,1612631804
373,Kinna,57.5073,12.6946,263.71,79,0,3.6,SE,1612631806
374,Gazojak,41.1875,61.4036,281.35,54,82,4.12,TM,1612631807
375,Nemuro,43.3236,145.575,270.62,96,100,4.15,JP,1612631553
376,Solnechnyy,50.7214,136.6319,251.89,89,100,1.11,RU,1612631810
377,Machalí,-34.1833,-70.6667,292.15,77,90,2.36,CL,1612631812
378,Kurmanayevka,52.5093,52.0675,258.18,92,100,6.68,RU,1612631813
379,Zhaotong,27.3167,103.7167,277.75,80,14,3.04,CN,1612631815
380,Nhulunbuy,-12.2333,136.7667,300.15,83,75,5.14,AU,1612631817
381,Nome,64.5011,-165.4064,264.15,79,90,1.24,US,1612631616
382,Jalu,29.0331,21.5482,292.36,30,55,3.77,LY,1612631520
383,Porto-Novo,6.4965,2.6036,304.15,74,40,5.66,BJ,1612631821
384,Coquimbo,-29.9533,-71.3436,292.15,68,75,4.12,CL,1612631823
385,Pontianak,-0.0333,109.3333,298.15,100,90,2.06,ID,1612631825
386,Oddur,4.1213,43.8894,300.48,28,0,4.99,SO,1612631828
387,Guangzhou,23.1167,113.25,295.93,68,0,1.0,CN,1612631027
388,Vincennes,48.85,2.4333,281.48,93,75,3.09,FR,1612631832
389,Porto Walter,-8.2686,-72.7439,304.07,61,88,0.89,BR,1612631833
390,Honiara,-9.4333,159.95,298.83,85,100,3.32,SB,1612631835
391,Vestmanna,62.1564,-7.1664,275.15,64,40,9.26,FO,1612631836
392,Mapastepec,15.4333,-92.9,304.41,37,0,2.71,MX,1612631838
393,Lavrentiya,65.5833,-171.0,253.14,82,81,2.75,RU,1612631839
394,Mgandu,-5.95,34.1333,291.39,91,98,1.15,TZ,1612631841
395,Aklavik,68.2191,-135.0107,240.15,75,75,1.03,CA,1612631843
396,Arandis,-22.4167,14.9667,291.48,87,0,0.89,NA,1612631844
397,Pemba,-12.974,40.5178,302.04,89,75,4.12,MZ,1612631846
398,Olafsvik,64.8945,-23.7142,275.37,78,100,7.83,IS,1612631848
399,Aksarka,66.5606,67.7975,236.4,81,74,8.12,RU,1612631849
400,Jiangkou,25.4872,119.1986,288.15,94,90,3.0,CN,1612631851
401,Hunchun,42.8675,130.3581,263.96,92,95,2.34,CN,1612631852
402,Departamento de Maldonado,-34.6667,-54.9167,301.15,42,0,7.72,UY,1612631854
403,Alyangula,-13.8483,136.4192,299.15,100,90,8.75,AU,1612631855
404,Santa Cruz de Barahona,18.2085,-71.1008,301.15,78,40,8.23,DO,1612631783
405,Vestmannaeyjar,63.4427,-20.2734,276.15,75,20,13.38,IS,1612631728
406,Tayoltita,24.0833,-105.9333,298.77,18,0,0.86,MX,1612631860
407,Kibala,9.1104,18.3463,305.15,20,0,1.93,TD,1612631862
408,Belyy Yar,53.6039,91.3903,261.15,92,100,0.59,RU,1612631863
409,Bāfq,31.6128,55.4107,288.95,29,0,3.07,IR,1612631865
410,Manggar,-2.8833,108.2667,299.62,83,80,5.36,ID,1612631867
411,Laichow,37.1717,119.9214,275.43,81,96,5.68,CN,1612631868
412,Kiama,-34.6833,150.8667,291.48,81,0,0.89,AU,1612631870
413,Stillwater,36.1156,-97.0584,281.15,61,90,3.09,US,1612631266
414,Huntsville,34.7304,-86.5861,282.04,53,90,2.06,US,1612631836
415,Anantapur,14.6833,77.6,296.01,45,23,4.51,IN,1612631875
416,Talcahuano,-36.7167,-73.1167,289.15,82,90,2.57,CL,1612631876
417,Murgab,37.4966,61.9714,284.15,66,90,2.06,TM,1612631878
418,Manicoré,-5.8092,-61.3003,302.15,79,0,2.57,BR,1612631879
419,Saint Simons,31.1352,-81.3901,283.71,93,90,4.63,US,1612631881
420,Pimenta Bueno,-11.6725,-61.1936,299.15,86,100,1.34,BR,1612631831
421,Tezu,27.9167,96.1667,289.47,31,5,1.73,IN,1612631884
422,Vigrestad,58.5667,5.7,267.15,53,0,4.12,NO,1612631886
423,Sweetwater,25.7634,-80.3731,301.15,74,75,7.2,US,1612631887
424,Union,40.6334,-74.2663,279.15,36,1,8.23,US,1612631889
425,Antsohihy,-14.8796,47.9875,298.17,89,100,1.29,MG,1612631891
426,Talara,-4.5772,-81.2719,299.59,62,56,6.56,PE,1612631892
427,Cockburn Town,21.4612,-71.1419,301.15,65,40,8.23,TC,1612631820
428,Jijiga,9.35,42.8,291.15,49,34,4.86,ET,1612631670
429,Muravlenko,63.7898,74.523,258.23,95,100,5.7,RU,1612631897
430,Pevek,69.7008,170.3133,254.46,86,100,1.0,RU,1612631899
431,Aragarças,-15.8975,-52.2508,303.31,69,51,2.47,BR,1612631900
432,Pozo Colorado,-23.4923,-58.7972,305.02,29,0,3.47,PY,1612631902
433,Richards Bay,-28.783,32.0377,297.89,78,26,4.18,ZA,1612631731
434,Iquique,-20.2208,-70.1431,298.15,50,0,7.2,CL,1612631905
435,Ilesha,7.1371,5.2583,309.03,18,28,1.5,NG,1612631906
436,Andenes,69.3143,16.1194,272.15,86,100,8.23,NO,1612631908
437,Chimoré,-16.9833,-65.1333,306.49,42,64,1.25,BO,1612631910
438,Lithgow,-33.4833,150.15,291.48,99,2,1.73,AU,1612631911
439,Sinop Province,41.7711,34.8709,282.65,54,0,3.01,TR,1612631913
440,Bongandanga,1.5,21.05,301.12,48,33,0.58,CD,1612631914
441,La Ronge,55.1001,-105.2842,240.15,68,2,2.57,CA,1612631916
442,Norman Wells,65.282,-126.8329,236.15,74,75,2.57,CA,1612631729
443,Suntar,62.1444,117.6319,242.65,87,90,1.25,RU,1612631919
444,Charters Towers,-20.1,146.2667,297.03,88,98,3.29,AU,1612631921
445,Port Moresby,-9.4431,147.1797,298.15,94,40,4.63,PG,1612631922
446,Zanesville,39.9404,-82.0132,272.59,46,1,3.6,US,1612631924
447,Yeppoon,-23.1333,150.7333,297.15,73,40,0.51,AU,1612631926
448,Nikolayevsk-on-Amur,53.1406,140.73,251.26,88,99,2.82,RU,1612631927
449,Mnogovershinnyy,53.9353,139.9242,249.68,91,99,3.35,RU,1612631929
450,Pangoa,-12.1167,-73.0,303.78,49,92,1.48,PE,1612631930
451,Minas,-34.3759,-55.2377,301.15,42,0,7.72,UY,1612631666
452,Port Hedland,-20.3167,118.5667,299.15,78,23,3.09,AU,1612631934
453,Yermakovskoye,53.2831,92.4003,266.9,94,99,1.87,RU,1612631935
454,Hirara,24.8,125.2833,294.27,65,0,3.26,JP,1612631937
455,Roebourne,-20.7833,117.1333,299.0,76,11,4.57,AU,1612631938
456,Lensk,60.7253,114.9278,254.2,90,94,1.55,RU,1612631894
457,Tateyama,34.9833,139.8667,282.15,61,0,3.09,JP,1612631707
458,Kamenka,51.3223,42.7678,263.71,83,100,5.21,RU,1612631943
459,Makkah al Mukarramah,21.4267,39.8261,294.0,48,49,5.36,SA,1612631648
460,Tyret’ Pervaya,53.6703,102.3106,259.05,92,100,2.38,RU,1612631946
461,Bathsheba,13.2167,-59.5167,302.15,58,20,8.75,BB,1612631684
462,Prince Rupert,54.3161,-130.3201,276.15,87,90,1.03,CA,1612631949
463,Tuatapere,-46.1333,167.6833,284.03,86,1,1.67,NZ,1612631951
464,La Providencia,28.7167,-111.5833,290.93,45,56,0.89,MX,1612631953
465,Ecoporanga,-18.3733,-40.8306,299.5,71,100,4.43,BR,1612631954
466,Río Gallegos,-51.6226,-69.2181,289.15,39,20,7.2,AR,1612631956
467,Brae,60.3964,-1.353,275.15,51,90,9.26,GB,1612631957
468,Oyama,36.3,139.8,283.71,70,20,1.03,JP,1612631889
469,Lerici,44.0759,9.9112,287.04,77,43,1.38,IT,1612631961
470,Kashgar,39.4547,75.9797,277.15,45,20,4.0,CN,1612631726
471,Ninh Binh,20.2539,105.975,292.76,83,0,1.5,VN,1612631964
472,Guaraniaçu,-25.1008,-52.8781,298.33,41,0,2.66,BR,1612631797
473,Aquin,18.2833,-73.4,300.58,69,65,4.9,HT,1612631967
474,Somova,45.1833,28.6667,275.15,93,90,3.09,RO,1612631969
475,Sabha,27.0377,14.4283,293.55,22,43,3.11,LY,1612631970
476,Hervey Bay,-25.2986,152.8535,297.04,81,100,2.34,AU,1612631972
477,Biak,-0.9131,122.8766,298.01,78,100,1.36,ID,1612631973
478,Clyde River,70.4692,-68.5914,247.15,84,40,1.54,CA,1612631975
479,Conde,-7.2597,-34.9075,305.15,58,40,4.63,BR,1612631749
480,Barra de Tecoanapa,16.5167,-98.75,301.32,59,74,3.17,MX,1612631934
481,Weyburn,49.6668,-103.8511,243.15,69,12,4.63,CA,1612631980
482,Husavik,66.0449,-17.3389,273.15,64,75,2.06,IS,1612631981
483,Igrim,63.1906,64.4162,246.32,88,100,5.38,RU,1612631983
484,Głowno,51.9646,19.7157,267.59,49,0,7.2,PL,1612631826
485,Phan Thiet,10.9333,108.1,295.81,80,27,3.6,VN,1612631845
486,Palmeira,-25.4294,-50.0064,299.06,46,0,0.5,BR,1612631988
487,Rosário do Sul,-30.2583,-54.9142,299.14,45,0,1.81,BR,1612631843
488,Kurumkan,54.3,110.3,251.07,80,59,0.8,RU,1612631991
489,Baykit,61.67,96.37,258.37,91,100,1.86,RU,1612631993
490,Qinhuangdao,39.9317,119.5883,272.02,87,85,6.02,CN,1612631721
491,Morros,-9.4467,-46.3003,296.36,88,100,0.96,BR,1612631996
492,Bitung,1.4451,125.1824,298.15,94,40,3.21,ID,1612631997
493,Sugar Hill,34.1065,-84.0335,282.04,34,40,4.12,US,1612631999
494,Turukhansk,65.8167,87.9833,252.18,91,100,7.62,RU,1612631820
495,Libreville,0.3925,9.4537,303.15,79,20,3.09,GA,1612632002
496,Port Keats,-14.25,129.55,301.45,79,67,6.77,AU,1612632004
497,Köping,59.514,15.9926,266.15,73,90,3.09,SE,1612632005
498,Ségou,13.4317,-6.2157,310.47,9,80,3.83,ML,1612632007
499,Kawalu,-7.3817,108.2082,296.06,89,100,1.68,ID,1612632009
500,Jonesboro,35.8423,-90.7043,278.15,70,75,4.63,US,1612632010
501,Gouré,13.9835,10.2704,299.82,12,70,1.34,NE,1612632012
502,Mandan,46.8267,-100.8896,251.15,70,1,8.23,US,1612632014
503,Ürümqi,43.801,87.6005,262.15,92,75,1.0,CN,1612631530
504,Preobrazheniye,42.9019,133.9064,266.84,90,97,3.17,RU,1612632017
505,Yar-Sale,66.8333,70.8333,238.26,84,100,6.06,RU,1612631920
506,Makakilo City,21.3469,-158.0858,292.15,77,90,5.66,US,1612631755
507,Broken Hill,-31.95,141.4333,291.15,68,50,7.2,AU,1612632022
508,Fuyang,32.9,115.8167,282.69,64,0,2.99,CN,1612631904
509,Burnie,-41.0667,145.9167,289.26,85,78,2.24,AU,1612632025
510,Dakar,14.6937,-17.4441,292.15,68,0,8.75,SN,1612631626
511,Caronport,50.4501,-105.8179,243.15,69,6,3.09,CA,1612632028
512,Svecha,58.2785,47.5164,252.04,91,100,5.12,RU,1612632030
513,Chernushka,56.5072,56.0766,262.89,96,100,7.97,RU,1612632031
514,Multan,30.1956,71.4753,288.15,72,0,2.55,PK,1612632033
515,São Gabriel da Cachoeira,-0.1303,-67.0892,302.15,17,75,1.54,BR,1612632034
516,Potsdam,52.3989,13.0657,272.04,80,100,0.45,DE,1612632036
517,Haines Junction,60.7522,-137.5108,240.15,75,89,0.51,CA,1612631863
518,Terrace Bay,48.7834,-87.1,255.15,65,75,4.12,CA,1612632039
519,Buta,2.7858,24.73,299.78,33,13,0.86,CD,1612632041
520,Broome,42.2506,-75.833,271.15,43,1,6.17,US,1612631989
521,Dicabisagan,17.0818,122.4157,297.37,88,87,2.36,PH,1612632044
522,Marquette,46.5333,-87.6335,260.93,67,99,0.45,US,1612631970
523,Filingué,14.3521,3.3168,305.95,11,83,3.46,NE,1612632047
524,Wasilla,61.5814,-149.4394,263.15,92,90,0.23,US,1612631775
525,Makat,47.6469,53.3463,269.8,84,22,5.95,KZ,1612632050
526,Katobu,-4.9408,122.5276,297.63,93,91,1.43,ID,1612632052
527,Hualmay,-11.0964,-77.6139,296.92,67,93,4.01,PE,1612632054
528,Port Shepstone,-30.7414,30.455,297.89,87,74,7.23,ZA,1612631834
529,Talnakh,69.4865,88.3972,239.22,76,0,1.55,RU,1612632057
530,Chongoyape,-6.6406,-79.3892,298.15,65,75,4.63,PE,1612632059
531,Salina,38.8403,-97.6114,269.26,86,90,6.69,US,1612631971
532,San Quintín,30.4833,-115.95,288.76,67,0,1.17,MX,1612631804
533,Eyl,7.9803,49.8164,297.52,81,0,7.09,SO,1612632063
534,Acarí,-15.4311,-74.6158,301.23,48,99,4.81,PE,1612632065
535,Isangel,-19.55,169.2667,298.46,80,0,1.47,VU,1612632067
536,Muros,42.7762,-9.0603,284.26,59,9,2.68,ES,1612632068
537,Yangi Marg`ilon,40.4272,71.7189,278.15,56,100,1.03,UZ,1612632070
538,Salinópolis,-0.6136,-47.3561,302.4,71,29,5.28,BR,1612632071
539,Igarka,67.4667,86.5833,246.85,88,99,4.99,RU,1612632073
540,Nagorsk,59.3172,50.8078,252.87,90,100,3.71,RU,1612632075
541,Mattru,7.6244,-11.8332,308.18,32,60,2.72,SL,1612632076
542,Mocuba,-16.8392,36.9856,299.36,84,77,2.49,MZ,1612632078
543,Damortis,16.2423,120.4051,297.72,81,5,2.94,PH,1612632080
544,Banff,51.1762,-115.5698,255.93,78,100,3.6,CA,1612631853
545,Jijiang,29.2906,106.2542,285.93,76,40,1.0,CN,1612632001
546,Asău,46.4333,26.4,272.04,76,100,1.43,RO,1612632084
547,Jishou,28.3167,109.7167,285.24,82,98,0.65,CN,1612632086
548,Yabēlo,4.8833,38.0833,294.48,38,67,2.16,ET,1612632088
549,Martapura,-3.4167,114.85,298.15,100,100,0.51,ID,1612632089
550,Ballina,-28.8667,153.5667,294.15,94,90,0.81,AU,1612632091
551,Atherton,53.5237,-2.4935,278.15,83,100,1.79,GB,1612632092
552,Arrondissement d'Ajaccio,42.0,8.9167,292.15,52,0,4.63,FR,1612632094
553,Dali,25.7,100.1833,281.16,56,1,2.29,CN,1612632095
554,Banda Aceh,5.5577,95.3222,299.08,83,46,3.52,ID,1612632097
555,Labuhan,-6.8844,112.2051,299.06,85,74,5.1,ID,1612631961
556,Anzio,41.4853,12.6179,289.26,62,14,2.24,IT,1612632100
557,Nísia Floresta,-6.0911,-35.2086,304.15,55,75,4.63,BR,1612631807
558,Avera,33.194,-82.5271,283.15,53,90,4.12,US,1612632103
559,São João da Barra,-21.6403,-41.0511,298.15,73,75,6.17,BR,1612631990
560,Leningradskiy,69.3833,178.4167,247.96,79,74,2.89,RU,1612631950
561,Chlórakas,34.8042,32.4083,288.15,77,75,1.54,CY,1612632108
562,Praia,14.9215,-23.5087,296.15,56,75,11.83,CV,1612632110
563,Sterling,39.0062,-77.4286,281.48,36,90,4.12,US,1612632111
564,Srednekolymsk,67.45,153.6833,243.61,84,6,1.24,RU,1612632113
565,Markova,48.6758,24.4138,271.15,80,75,1.53,UA,1612632115
566,Canmore,51.0834,-115.3521,256.48,78,100,3.6,CA,1612632116
567,Tiznit Province,29.5833,-9.5,284.33,68,85,7.48,MA,1612632118
568,Kuching,1.55,110.3333,297.15,100,40,0.7,MY,1612632119
569,Koumra,8.9126,17.5539,303.71,13,40,1.61,TD,1612632121
570,Nevel',56.0209,29.9284,258.1,94,100,2.97,RU,1612632123
571,Yibin,28.7667,104.6238,286.98,62,70,0.88,CN,1612632124
572,Byron Bay,-28.65,153.6167,294.15,94,96,0.81,AU,1612631712
573,Sulangan,11.1373,123.7228,300.02,81,16,7.06,PH,1612632128
574,Novikovo,51.1537,37.8879,261.65,92,100,6.22,RU,1612632131
575,Poronaysk,49.2167,143.1167,249.25,86,1,1.86,RU,1612631893
576,Havelock,34.8791,-76.9013,283.15,57,75,3.6,US,1612632135
577,Launceston,-41.45,147.1667,287.04,100,90,4.12,AU,1612632108
578,Muisne,0.6,-80.0333,302.15,84,75,2.57,EC,1612632138
579,Santiago del Estero,-27.7951,-64.2615,305.37,39,22,2.68,AR,1612632139
580,Xianshuigu,38.985,117.3828,274.15,47,0,5.0,CN,1612632141
581,Los Llanos de Aridane,28.6585,-17.9182,292.15,59,20,9.77,ES,1612632143
